Tree	logL	deltaL	p-AU
A	-74169.35909	0	0.973 + 
B	-74185.17076	15.812	0.0314 - 
C	-74213.67935	44.32	0.000503 - 